Id,Name,Number,PIN,Balance
1ea2b6c7-d759-4b41-af0b-1378aa522137,slamet,111111,111111,100
379823ca-7334-495d-8416-3396e7c61330,sri,222222,222222,200
c290c928-f570-49c6-ba9b-2ca22f66871a,siti,333333,333333,300
46bcc59b-308a-4d48-b033-d1e2c0b665d2,bowo,444444,444444,400
c703b84a-6873-4b66-b51a-8fcd3c3fb6f8,aji,555555,555555,500
05ec6790-faaa-457f-9a7e-ff3246aca9f3,yanto,666666,666666,600
ad49bc42-7c6d-4aa1-bacd-f0cf78fbeeaf,dul,777777,777777,700
45096483-f01a-430b-9022-5ee8a6581baa,gatot,888888,888888,800
1acc4c63-e7f4-4276-b45c-4f42a351132b,gunawan,999999,999999,900
a7e51fa3-aca6-49d0-b9d9-f6de543e6b75,nur,000000,000000,1000
5f6f70a1-0f0f-4ff1-b3fc-4e73b89f00c9,ayu,111222,111222,1100
5955af02-c15a-4610-9395-f9c71cfb3ead,febri,222333,222333,1200
fdef3cc6-7bad-409a-b4d5-bcf67019cbd9,ridwan,333444,333444,1300
28bca647-fe60-4642-95bf-38eccefca915,wawan,444555,444555,1400
4b930c35-fd18-4173-b3c0-6afd94f39449,wanto,555666,555666,1500
7ee36259-a8d6-46e5-ab26-4f3bb99bb41d,kamit,666777,666777,1600
61b86d11-8e68-4a28-8d4b-078ef139949f,ningsih,777888,777888,1700
d2d9e6fe-fa11-4208-b54c-93dd9ad6c399,adi,888999,888999,1800
643ab2fc-d1fa-4ddf-834e-4c2c78147f34,wulan,999000,999000,1900
2077969f-0dd4-4dd5-961e-2bdcb31d6801,yono,123456,123456,2000
